Apple iPhone 17,Apple,2025-10-28,82900.0
Apple iPhone 17 Pro Max,Vijay Sales,2025-10-28,229900.0
Apple iPhone 17 Pro,Apple,2025-10-28,174900.0
"Apple iPhone 17 Pro Max (Cosmic Orange, 2 TB)",93mobiles,2025-10-28,199999.0
iPhone 17 Pro,Imagine Apple Premium Reseller,2025-10-28,134900.0
"Black iPhone 17 Pro and Max in 24K Gold, Rose Gold & Platinum",Leronza,2025-10-28,371494.21
Apple Iphone 17,Meesho,2025-10-28,170.0
Apple iPhone 17 256GB Black / Lavender / Mist Blue / Sage / White 256GB / White,iCrescent Apple Authorised Store,2025-10-28,82900.0
Iphone 17,Placewell Retail,2025-10-28,82900.0
iPhone 17,GoGizmo Mobiles,2025-10-28,82900.0
Apple iPhone 17,Apple,2025-10-28,82900.0
Apple iPhone 17 256GB Black / Lavender / Mist Blue / Sage / White 256GB / White,iCrescent Apple Authorised Store,2025-10-28,82900.0
Iphone 17,Placewell Retail,2025-10-28,82900.0
iPhone 17,GoGizmo Mobiles,2025-10-28,82900.0
New iphone 17 256GB - Moment Online Shopping,Moment Online Shopping,2025-10-28,82900.0
"Apple iPhone 17 Air – 6.5"" Super Retina XDR OLED, A19 Pro, 48MP Fusion Camera, Ultra-Thin Titanium, 1TB,",BNew Mobiles & Electronics,2025-10-28,159900.0
Apple iPhone 16,Apple,2025-10-28,69900.0
APPLE iPhone 17 Pro Max 256GB,haute24.com,2025-10-28,130000.0
New iphone 17 256GB - Moment Online Shopping,Moment Online Shopping,2025-10-28,82900.0
Apple Iphone 17 Air,Meesho,2025-10-28,232.0
I-PHONE:17 Pro Max 256GB,Cell Point,2025-10-28,149900.0
"Apple iPhone 17 Pro 512GB, Silver (IP17PRO512SILMG8K4)",Sathya Retail,2025-10-28,154900.0
Apple iPhone 17 Pro Max 256GB Cosmic Orange / Deep Blue / Silver 256GB / Silver,iCrescent Apple Authorised Store,2025-10-28,149900.0
APPLE iPhone 17 512GB,haute24.com,2025-10-28,97000.0
iPhone 17 Pro Max,GoGizmo Mobiles,2025-10-28,229900.0
Apple Iphone 17 Pro Max,Meesho,2025-10-28,211.0
Customized Apple iPhone 17 Pro Max,Craftbymerlin,2025-10-28,310667.37
Apple iPhone 17 5G A3520 512GB Sage (Nano Sim + eSIM) at Etoren,Etoren.com,2025-10-28,138312.88
Apple iPhone 17 Pro Max Silicone MagSafe Case,Apple,2025-10-28,4900.0
Spigen Ultra Hybrid Zero One MagFit Case for iPhone 17 Series,Amazon.in,2025-10-28,2099.0
iPhone 17 Pro - Cosmic Orange,MRV electronics,2025-10-28,143499.0
Apple iPhone 17 Pro Silicone MagSafe Case,Apple,2025-10-28,4900.0
MoonLight iPhone 17 Pro Max,Shaapa India,2025-10-28,999.0
Apple iPhone 16e,JioMart Electronics,2025-10-28,47990.0
spigen iPhone 17 Series Ultra Hybrid acs,Amazon.in,2025-10-28,1599.0
Apple iPhone 17 Pro Max MagSafe Case,Apple,2025-10-28,5900.0
Apple iPhone 16 Pro,Design Info,2025-10-28,89999.0
Apple iPhone 17 Silicone MagSafe Case,Vijay Sales,2025-10-28,4400.0
Apple iPhone 17 Pro MagSafe Case,Apple,2025-10-28,5900.0
Apple iPhone 15,Amazon.in,2025-10-28,50990.0
iPhone 17 - White,MRV electronics,2025-10-28,82900.0
Apple iPhone Air,Apple,2025-10-28,119900.0
Verdant iPhone 17 Pro Max,Shaapa India,2025-10-28,999.0
Ringke Fusion-X Magnetic Back Cover Case for iPhone 17 Pro,Flipkart,2025-10-28,217.0
Spigen Silicone Fit MagSafe acs,Amazon.in,2025-10-28,1999.0
Acer Aspire 3 Intel Core Celeron N4500 Laptop,Acer Store - India,2025-10-28,22999.0
Apple MacBook Air,Amazon.in,2025-10-28,90990.0
Lenovo V15 Gen 4,Lenovo,2025-10-28,30464.0
ASUS Vivobook 15 Intel Core i3 13th Gen Laptop,ASUS eshop IN,2025-10-28,38990.0
Acer Aspire Go 14 Intel Core Ultra 5 Laptop,Amazon.in,2025-10-28,63999.0
AVITA Cosmos 2 in 1 Laptop,Reliance Digital,2025-10-28,8941.0
Dell Inspiron 15 3535 AMD Ryzen 5 7530u Notebook Laptop,Croma,2025-10-28,43490.0
2 GHZ Dual Core Acer Laptop On Rent,Aajjo.com,2025-10-28,1000.0
Samsung Galaxy Book5 360,Samsung.com,2025-10-28,154990.0
HP Intel Core i3 13th Gen 1315u Laptop,Amazon.in,2025-10-28,33880.0
Acer Aspire 3 Intel Celeron N4500 Laptop,Acer Store - India,2025-10-28,15990.0
Asus Vivobook 15 Intel Core 5-120U Laptop,ASUS eshop IN,2025-10-28,50990.0
Walker NU14A2 Celeron N4020 Laptop,Amazon.in,2025-10-28,12990.0
Dell Inspiron 14 Plus Laptop,Dell India,2025-10-28,89572.6
JioBook 11 2023 Android 4G Laptop,Reliance Digital,2025-10-28,12999.0
"Chuwi CoreBook X Laptop 14'' Intel Core i3-10100Y, 8GB RAM 256GB SSD, Windows 11 Laptop, 1920x1200 FHD Display, Up to 3.9GHz | WiFi | Webcam | BT4.2",Amazon.in,2025-10-28,19990.0
Apple MacBook Air M2 chip,Vijay Sales,2025-10-28,77490.0
HP Victus Gaming Laptop,Flipkart,2025-10-28,62499.0
Lenovo 82UY0014HA Intel Celeron N4500 11.6 Inches Chromebook Laptop...,Amazon.in,2025-10-28,15990.0
"Lenovo IdeaPad Slim 5 14"" Intel Core i5 Laptop",Lenovo India,2025-10-28,44990.0
Oppo F21 Pro 5G Rainbow Spectrum 8GB RAM 128 Storage,Flipkart,2025-10-29,18453.0
Oppo F21 Pro,Sangeetha Mobiles,2025-10-29,13680.0
Oppo F21s Pro 5G,vlebazaar.in,2025-10-29,14990.0
Triple Camera Ultra Slim Retro Design Oppo F21 Pro 5G Rainbow Spectrum 8Gb Ram 128 Storage,Tradeindia.com,2025-10-29,27000.0
Buy Best Refurbished Oppo F21 Pro 4G - Mobilegoo Sunset Orange / 128GB / Good (6 Months Seller Warranty),Mobilegoo Shop,2025-10-29,13999.0
"Oppo F21 Pro Sunset Orange, 128 Gb Internal Memory And 8 Gb Ram With Octa Core Processor",Tradeindia.com,2025-10-29,22999.0
Oppo F21s Pro 5G Dawnlight Gold 8GB 128GB,Sangeetha Mobiles,2025-10-29,15120.0
Oppo F21s Pro 5g (8GB+128GB) Dawnlight Gold Mobile,Fonebook,2025-10-29,25999.0
"OPPO F21s Pro 5G (Dawnlight Gold, 128 GB) (8 GB RAM)",MobiTez,2025-10-29,22390.0
"Oppo F21 Pro 5G Mobile Phone 4500Mah Large Battery, 64Mp Al Triple Camera",Tradeindia.com,2025-10-29,19999.0
OPPO F21 Pro 5G-108,JioMart Marketplace,2025-10-29,169.0
Oppo F21 Pro Best Performance Mobile Phone 8 Gb 128 Internal Memory Black Color,Tradeindia.com,2025-10-29,22999.0
OPPO F21s Pro,Cashify,2025-10-29,11699.0
OPPO F21 Pro 4G/F21s Pro 4G -199,JioMart Marketplace,2025-10-29,169.0
"Cosmic Black Color Oppo F21 Pro Android Mobile Phone, 8Gb Ram & 128Gb Internal Storage With Qualcomm Snapdragon 680",Tradeindia.com,2025-10-29,22999.0
Oppo F31 Pro 5G,OPPO Official Store,2025-10-29,28999.0
OPPO F21 Pro 4G/F21s Pro 4G -160,JioMart Marketplace,2025-10-29,169.0
OPPO F21 Pro,Cashify,2025-10-29,12999.0
4500Mah Battery 8Gb Ram And 128Gb F21 Pro Smart Phone,Tradeindia.com,2025-10-29,22850.0
OPPO F21 Pro 5G,muzambi store,2025-10-29,25999.0
Oppo F21 Pro 5G UNBOX,cubotlifestyle.com,2025-10-29,16169.02
5 Pieces 6.43 Inches Display 128 Gb Internal Storage 8 Gb Ram Octa Core F21 Pro Mobile Phone For Use In: Automobile Industry,Tradeindia.com,2025-10-29,22999.0
OPPO F21 Pro 4G Demo,hellomobiles.in,2025-10-29,31999.0
Display for Oppo F21 Pro - Black (display glass combo folder) Replacement for original LCD with Touch Screen | Maxbhi,Maxbhi,2025-10-29,959.0
Oppo Mobile Phone,Tradeindia.com,2025-10-29,27999.0
OPPO F21 Pro 4G Display and Touch Screen Replacement CPH2363,Touch LCD Baba,2025-10-29,6990.0
Oppo F21 Pro 5G Back cover,Meesho,2025-10-29,154.0
OPPO F21S Pro 5G,muzambi store,2025-10-29,25999.0
Oppo F21 Pro 5G Display With Touch Screen,XParts,2025-10-29,1439.0
Oppo F21s Pro 4G - Genuine Refurbished | Professionally inspected,OldSold.in,2025-10-29,9999.0
Display for Oppo F21 Pro 5G - Black (display glass combo folder) Replacement for original LCD with Touch Screen | Maxbhi,Maxbhi,2025-10-29,869.0
Oppo F21 Pro 5G Glass Mobile Cover: Photo with Text,PrintShoppy,2025-10-29,464.07
"Oppo F21 Pro,Oppo F21s Pro Back Cover",Meesho,2025-10-29,72.0
Oppo F21 Pro 5G Display and Touch Screen Combo Glass Replacement,Touch LCD Baba,2025-10-29,6590.0
Mintak Oppo F21 Pro 5G Mint Green Silicon Advanced 3 in 1 Hybrid Technology with 3D 360 Degree Protection Mobile Back Cover,JioMart Marketplace,2025-10-29,899.0
Oppo F21 Pro Back Housing,XParts,2025-10-29,799.0
Unique4ever Oppo F21 Pro 5g Back Panel,Flipkart,2025-10-29,832.0
Oppo F21 Pro (4G) Skins & Wraps Digital Blue Camo,Decalz,2025-10-29,399.0
"Oppo F21 Pro 5G Back Cover, Oppo F21 Pro 5G Cases Cover, Oppo F21 Pro 5G Back Cases & Cover, Oppo F2",Meesho,2025-10-29,158.0
Full Body Housing for Oppo F21 Pro - Orange | Maxbhi,Maxbhi,2025-10-29,469.0
Apple iPhone 15,Amazon.in,2025-10-29,51990.0
Apple iPhone 15 Plus,JioMart Electronics,2025-10-29,54399.0
Apple iPhone 15 Pro (512 GB) - Black Titanium,93mobiles,2025-10-29,12999.0
iPhone 15,Imagine Apple Premium Reseller,2025-10-29,57900.0
Apple iPhone 15 Pro,Design Info,2025-10-29,89999.0
Apple iPhone 16,Ovantica.com,2025-10-29,68999.0
Apple iPhone 15 Pro Max,JioMart Electronics,2025-10-29,109900.0
Apple iPhone 15 Pro (512 GB) - Blue Titanium,93mobiles,2025-10-29,129999.0
Apple iPhone 15- Refurbished,Mobilegoo Shop,2025-10-29,43999.0
iPhone 15 5G (OpenBox With Apple Warranty),iTradeit,2025-10-29,71400.0
Apple iPhone 15 Pro Max (512 GB) - Black Titanium,93mobiles,2025-10-29,139999.0
Apple iPhone 15 Pro - 128 GB - Blue Titanium,Placewell Retail,2025-10-29,109900.0
Apple iPhone 15 (256GB) Blue - Renewed Super By Ovantica,Ovantica.com,2025-10-29,48999.0
Iphone 15 Pro Max,Tradeindia.com,2025-10-29,50879.0
Apple iPhone 15 Pro Max (512 GB) - Blue Titanium,93mobiles,2025-10-29,139999.0
"Apple iPhone 15 Pro Max 256GB, Blue Titanium",Design Info,2025-10-29,95999.0
"Apple iPhone 15 Pro Max 256 GB, Black Titanium",JioMart Electronics,2025-10-29,134900.0
Apple iPhone 15 Pro Max (512 GB) - White Titanium,93mobiles,2025-10-29,139999.0
Apple iphone 15 Pro Max 256GB Black Titanium,Sangeetha Mobiles,2025-10-29,154000.0
Buy Now iPhone 15 in Chandigarh | iCrescent Pink / 256GB Storage,iCrescent Apple Authorised Store,2025-10-29,69900.0
Apple iPhone 15 Pro Max - 256 GB - Natural Titanium,Placewell Retail,2025-10-29,134900.0
"Apple iPhone 15 Pro Max 256GB, Black Titanium",Design Info,2025-10-29,95999.0
iPhone 15 128GB,GoGizmo Mobiles,2025-10-29,52999.0
"Apple iPhone 15 Pro Max 512 GB, White Titanium",JioMart Electronics,2025-10-29,99900.0
Apple iPhone 15 pro max | 256 GB | Blue titanium,myG,2025-10-29,126400.0
Apple iPhone 15 Pro max (256GB) White Titanium - Renewed Super by Ovantica,Ovantica.com,2025-10-29,78999.0
Apple iPhone 15 Pro Max 1TB Natural Titanium,Design Info,2025-10-29,125999.0
"Apple iPhone 15 Pro (Blue Titanium, 128 GB)",MobiTez,2025-10-29,127990.0
iPhone 15 5G (New With Apple Warranty),iTradeit,2025-10-29,85400.0
Apple Iphone 15 128Gb White,Tradeindia.com,2025-10-29,76000.0
Apple iphone 15 Black 128GB,Happi Mobiles,2025-10-29,69900.0
Apple iPhone 15 Pro - Refurbished Real Phone Image natural T/ 512 GB / Superb (Like-New),EasyPhones,2025-10-29,99999.0
Apple iPhone 15 Pro max (256GB) Blue Titanium - Renewed Super by Ovantica,Ovantica.com,2025-10-29,78999.0
"Apple iPhone 15 Pro 1TB White Titanium, GST Billing",Design Info,2025-10-29,144999.0
Buy Used iPhone 15 Pro From Mobilegoo.,Mobilegoo Shop,2025-10-29,66999.0
"Apple iPhone 15 (128GB) - Blue, Get Assured Gift - Moment Online Shopping",Moment Online Shopping,2025-10-29,62900.0
iPhone 15 Pro Max 5G (OpenBox With Apple Warranty),iTradeit,2025-10-29,101400.0
"Apple iPhone 15 Pro (Natural Titanium, 256 GB)",MobiTez,2025-10-29,137990.0
Apple iPhone 15 Pro Max 256GB – Refurbished (Fair Condition) | White Titanium | Certified by Ovantica,Ovantica.com,2025-10-29,68999.0
Apple Iphone 15 128Gb,Tradeindia.com,2025-10-29,65000.0
Apple iPhone 17,Apple,2025-10-30,82900.0
Apple iPhone 17 Pro Max,Apple,2025-10-30,229900.0
Apple iPhone 17 Pro,Reliance Digital,2025-10-30,174900.0
iPhone 17 - iVenus,iVenus - Apple Premium Reseller,2025-10-30,82900.0
iPhone 17 Pro,Imagine Apple Premium Reseller,2025-10-30,134900.0
Apple iPhone 17 256GB Black / Lavender / Mist Blue / Sage / White 256GB / White,iCrescent Apple Authorised Store,2025-10-30,82900.0
Apple iPhone 17 512GB @EMI,Telephone Shoppees,2025-10-30,8575.0
Iphone 17,Placewell Retail,2025-10-30,82900.0
Apple iPhone 17 (512 GB),The Prime Mobile & Gadgets,2025-10-30,102900.0
"Apple iPhone 17 Pro Max (Cosmic Orange, 2 TB)",93mobiles,2025-10-30,199999.0
Apple iPhone 17 Pro Max – 6.9,BNew Mobiles & Electronics,2025-10-30,229900.0
APPLE iPhone 17 Pro Max 256GB,haute24.com,2025-10-30,130000.0
Apple iPhone 17 Pro Max Silicone MagSafe Case,Apple,2025-10-30,4900.0
iPhone 17 Air,Future World India,2025-10-30,10630586.16
Apple iPhone 17 | 256 GB | White,zeptonow.com,2025-10-30,77929.0
Apple iPhone Air,Imagine Online,2025-10-30,113900.0
Apple iPhone 17 Pro Silicone MagSafe Case,Apple,2025-10-30,4900.0
Spigen Ultra Hybrid Zero One MagFit Case for iPhone 17 Series,Amazon.in,2025-10-30,2099.0
Apple iPhone 16e,JioMart Electronics,2025-10-30,48990.0
Apple iPhone 17 Pro Max MagSafe Case,Apple,2025-10-30,5900.0
Apple iPhone 17 Silicone MagSafe Case,Vijay Sales,2025-10-30,4400.0
Apple iPhone 16 Pro,bigbasket.com,2025-10-30,99990.0
Apple iPhone 17 Pro MagSafe Case,Apple,2025-10-30,5900.0
spigen iPhone 17 Series Ultra Hybrid,Amazon.in,2025-10-30,1599.0
Apple iPhone 15,Croma,2025-10-30,64490.0
iPhone 17 Pro - Cosmic Orange,MRV electronics,2025-10-30,143499.0
Legend iPhone 17 Pro Max,Shaapa India,2025-10-30,999.0
Spigen Rugged Armor MagFit Case for iPhone 17 Series,Amazon.in,2025-10-30,1599.0
Apple iPhone 16 Plus,Apple,2025-10-30,89900.0
Apple iPhone 17 512GB Black / Lavender / Mist Blue / Sage / White 512GB / White,iCrescent Apple Authorised Store,2025-10-30,102900.0
iPhone 17,GoGizmo Mobiles,2025-10-30,82900.0
New iphone 17 256GB - Moment Online Shopping,Moment Online Shopping,2025-10-30,82900.0
iPhone 17 Pro Max,Future World India,2025-10-30,13290449.25
APPLE iPhone 17 512GB,haute24.com,2025-10-30,97000.0
Customized Apple iPhone 17 Pro Max,Craftbymerlin,2025-10-30,310667.37
Apple iPhone 17 Pro (512GB) @EMI,Telephone Shoppees,2025-10-30,12908.0
"iPhone 17 Air 256GB (Sky Blue, Light Gold, Cloud White, Space Black) - RSG Solutions Pvt. Ltd., offering Color and Print Management Solutions for Pre",RSG Solutions,2025-10-30,98053.81
Apple iPhone 16,bigbasket.com,2025-10-30,62990.0
Apple iPhone 17 Pro Max (2 TB),The Prime Mobile & Gadgets,2025-10-30,229900.0
"Apple iPhone 17 Pro 512GB, Silver (IP17PRO512SILMG8K4)",Sathya Retail,2025-10-30,154900.0
"Ant Esports Km1610 Led Keyboard and Mouse Combo,104 Keys Rainbow Backlit,7 Colour Rgb Mouse",Blinkit,2025-10-30,799.0
Amkette Optimus 4 in 1 Bluetooth Wireless Keyboard,Amazon.in,2025-10-30,879.0
Frontech KB-0040P Wired Gaming Keyboard and Optical Mouse Combo Set,Flipkart,2025-10-30,597.0
Zebronics K24 USB Keyboard,Blinkit - Zebronics,2025-10-30,349.0
Portronics Ki-Pad 3 USB Wired Keyboard,Zepto,2025-10-30,479.0
GSH One Hand Gaming Keyboard and Backlit Mouse Combo,Amazon.in,2025-10-30,2995.0
Pinnacle ENTER USB Keyboard,Reliance Digital,2025-10-30,241.0
Redragon K673 PRO 75% Wireless Gasket RGB Gaming Keyboard,Redragon,2025-10-30,5690.0
Acer Keyboard Mouse Combo,JioMart Marketplace,2025-10-30,799.0
Logitech Keyboard,Amazon.in,2025-10-30,890.0
ASUS Marshmallow Kw100 Keyboard,ASUS eshop IN,2025-10-30,2899.0
Intex Wired Gaming Keyboard,Flipkart,2025-10-30,429.0
Ant Esports MK700 V2 TKL Gaming Keyboard,Amazon.in,2025-10-30,679.0
Kreo Swarm X Wireless Gaming Keyboard,Kreo,2025-10-30,4249.0
Ant Esports MK1001 One Handed Gaming Keyboard,Zepto,2025-10-30,519.0
JUArez Octavé JRK660MDKL Electronic Teaching Keyboard Piano,Amazon.in,2025-10-30,4399.0
New Arctic Fox Crystal Wired Keyboard,Arctic Fox,2025-10-30,419.0
MageGee STAR61 Wired Mechanical Keyboard,Play-Asia.com,2025-10-30,920.0
HP GK400Y Mechanical Gaming Keyboard,HP Store India,2025-10-30,2377.0
AULA S99 Membrane Gaming Keyboard,Amazon.in,2025-10-30,1999.0
Elista ELS WK-710 Wired Multimedia Keyboard,Flipkart,2025-10-30,266.0
Dell USB Keyboard,Being Electro,2025-10-30,199.0
"Ant Esports Km1610 Led Keyboard and Mouse Combo,104 Keys Rainbow Backlit,7 Colour Rgb Mouse",Blinkit,2025-10-30,799.0
Amkette Optimus 4 in 1 Bluetooth Wireless Keyboard,Amazon.in,2025-10-30,879.0
Frontech KB-0040P Wired Gaming Keyboard and Optical Mouse Combo Set,Flipkart,2025-10-30,597.0
Zebronics K24 USB Keyboard,Blinkit - Zebronics,2025-10-30,349.0
Portronics Ki-Pad 3 USB Wired Keyboard,Zepto,2025-10-30,479.0
GSH One Hand Gaming Keyboard and Backlit Mouse Combo,Amazon.in,2025-10-30,2995.0
Pinnacle ENTER USB Keyboard,Reliance Digital,2025-10-30,241.0
Redragon K673 PRO 75% Wireless Gasket RGB Gaming Keyboard,Redragon,2025-10-30,5690.0
Acer Keyboard Mouse Combo,JioMart Marketplace,2025-10-30,799.0
Logitech Keyboard,Amazon.in,2025-10-30,890.0
ASUS Marshmallow Kw100 Keyboard,ASUS eshop IN,2025-10-30,2899.0
Intex Wired Gaming Keyboard,Flipkart,2025-10-30,429.0
Ant Esports MK700 V2 TKL Gaming Keyboard,Amazon.in,2025-10-30,679.0
Kreo Swarm X Wireless Gaming Keyboard,Kreo,2025-10-30,4249.0
Ant Esports MK1001 One Handed Gaming Keyboard,Zepto,2025-10-30,519.0
JUArez Octavé JRK660MDKL Electronic Teaching Keyboard Piano,Amazon.in,2025-10-30,4399.0
New Arctic Fox Crystal Wired Keyboard,Arctic Fox,2025-10-30,419.0
MageGee STAR61 Wired Mechanical Keyboard,Play-Asia.com,2025-10-30,920.0
HP GK400Y Mechanical Gaming Keyboard,HP Store India,2025-10-30,2377.0
AULA S99 Membrane Gaming Keyboard,Amazon.in,2025-10-30,1999.0
Elista ELS WK-710 Wired Multimedia Keyboard,Flipkart,2025-10-30,266.0
Dell USB Keyboard,Being Electro,2025-10-30,199.0
iGear KeyBee Retro 2.4GHz Wireless Keyboard and Mouse Combo,Amazon.in,2025-10-30,1999.0
Pebble Digit002 Wireless Keyboard and Mouse Combo,Instamart,2025-10-30,1739.0
Razer Ornata V3 X Gaming Keyboard,mdcomputers.in,2025-10-30,3200.0
amazon basics USB Gaming Keyboard with Multicolour LED Effect | 12 Multimedia Keys |4 LED Modes,Amazon.in,2025-10-30,621.0
Croma Wired Keyboard with Silent Keys,bigbasket.com,2025-10-30,479.0
Ant Esports MK1450 Pro Gaming Keyboard,Blinkit,2025-10-30,699.0
Yamaha PSS-F30 Mini Keyboard,Flipkart,2025-10-30,4390.0
TVS Gold Prime Mechanical Wired Keyboard,Amazon.in,2025-10-30,3279.0
Vault KT-54 Keytone Electronic Keyboard,Bajaao.com,2025-10-30,5399.0
Ant Esports WK100 2in1 Wireless/Bluetooth Keyboard,Zepto,2025-10-30,949.0
Ze-bion Wired USB Keyboard Wired USB Stan-dard Keyboard,Meesho,2025-10-30,379.0
Lapcare WL-102 Wireless Keyboard and Mouse Combo,Amazon.in,2025-10-30,629.0
"Zebion K500 USB Keyboard, Rugged Heavy-Duty Body, Ergonomic Design",JioMart Marketplace,2025-10-30,249.0
RAegr RapidGear X30 Wired Gaming Keyboard and Mouse Combo Set,Flipkart,2025-10-30,899.0
EPOMAKER AULA F75,meckeys.com,2025-10-30,5999.0
Cosmic Byte Artemis RGB Mechanical Keyboard,Cosmic Byte,2025-10-30,2099.0
Mastercard OFF | iClever BK10 Bluetooth Universal Ultra-Thin Keyboard - Black,Amazon.in,2025-10-30,2599.0
Arctic Fox Gaming Mouse and Wired Keyboard Combo,Arctic Fox,2025-10-30,629.0
W835 Series | Smart TV | TVs | Sony India,sony.co.in,2025-11-06,34900.0
Sony BRAVIA 7 4K Ultra HD AI Smart Mini LED Google TV,Vijay Sales,2025-11-06,136480.0
Sony BRAVIA 2 4K Ultra HD Smart LED Google TV,ShopatSC,2025-11-06,42990.0
X90L Series BRAVIA XR 4K HDR Full Array LED | TVs | Sony India,sony.co.in,2025-11-06,155900.0
Sony BRAVIA 5 4K Ultra HD Smart Mini LED Google TV,Amazon.in,2025-11-06,156990.0
Sony Bravia 80 cm HD Ready Smart LED Google TV,Reliance Digital,2025-11-06,26591.0
Sony 32-Inch HD Ready Smart TV,Croma,2025-11-06,26990.0
Sony BRAVIA 3 4K Ultra HD Smart LED Google TV,Vijay Sales,2025-11-06,135990.0
Sony 189 cm (75) BRAVIA 3 4K Ultra HD Smart LED Google TV K-75S30 (Black),ShopatSC,2025-11-06,144486.0
Sony Bravia 80 cm HD Ready Smart Android LED TV,Gadgets Now,2025-11-06,27990.0
Sony BRAVIA 3 Series 4K Ultra HD AI Smart LED Google TV,Amazon.in,2025-11-06,87990.0
SONY BRAVIA 3 215.9 cm (85 inch) LED 4K Ultra HD Smart Android TV with Dolby Vision & Dolby Atmos (2024 model),Croma,2025-11-06,247490.0
Sony Bravia XR Series 4K Ultra HD Smart Full Array LED Google TV,ShopatSC,2025-11-06,104330.0
Sony 4K HDR,Poorvika,2025-11-06,237800.0
"Sony 139 cm (55 inches), BRAVIA 2 4K Ultra HD Smart LED Google TV, Black, K-55S25BM2",JioMart Electronics,2025-11-06,60790.0
Sony Bravia 4K UHD LED Smart TV,amazon.in,2025-11-06,72364.0
Sony 139 cm (55) BRAVIA 3 4K Ultra HD Smart LED Google TV K-55S30 (Black),ShopatSC,2025-11-06,75297.0
Sony Bravia 164 cm 4K Ultra HD Smart LED Google TV,Cashify,2025-11-06,123490.0
Sony Bravia 80cm HD Smart LED TV,Gadgets Now,2025-11-06,26988.0
Sony 4K Ultra HD Smart TV,poorvika.com,2025-11-06,31200.0
Sony BRAVIA 8 II 4K Ultra HD AI Technology Smart OLED Google TV,Croma,2025-11-06,297090.0
Sony BRAVIA 9 4K Ultra HD Smart Mini LED Google TV,ShopatSC,2025-11-06,385311.0
Sony 4K HDR Smart TV,Links,2025-11-06,77925.85
"Sony 139 cm (55 inch) BRAVIA 2 4K Ultra HD Smart LED Google TV, K-55S25M2, Black",JioMart Electronics,2025-11-06,63033.0
Sony Bravia 4K Ultra HD Smart LED Google TV,Mahavir Electronics And Furniture,2025-11-06,83000.0
Sony Bravia 138.8 cm 4K Ultra HD,Cashify,2025-11-06,70989.0
Sony 215 cm (85) BRAVIA 3 4K Ultra HD Smart LED Google TV K-85S30 (Black),ShopatSC,2025-11-06,248102.0
Sony Bravia KD-50X64L 4K Ultra HD Smart LED Google TV,James & Co,2025-11-06,51500.0
Buy the Sony 139 Cm (55) BRAVIA 2 4K Ultra HD Smart LED Google TV K-55S25 (Black),AVIT,2025-11-06,65340.0
Sony 4K Ultra HD Smart Google LED TV KD-85X85J,Gadgets Now,2025-11-06,89963.0
"Sony 139 cm (55 inch) BRAVIA 5 4K Ultra HD AI Technology Smart Mini LED Google TV, K-55XR55A (Black)",JioMart Electronics,2025-11-06,123462.0
"Sony 108 cm (43 inch) Full HD LED Smart TV (KLV-43W672G, Black)",vedanthenterprises.com,2025-11-06,46490.0
Sony Bravia Full HD LED Smart TV,sharptronics.in,2025-11-06,43100.0
Sony 139 cm (55 inches) BRAVIA 5 Series 4K Ultra HD Smart Mini LED Google TV K-55XR55A,Electronic Paradise,2025-11-06,121100.0
Sony 139 cm (55 inches) BRAVIA 2 4K Ultra HD Smart LED Google TV K-55S25 (Black),Kay Dee Electronics,2025-11-06,59990.0
Sony X77L Bravia LED 4K HDR Google TV,Cashify,2025-11-06,59900.0
"Sony 189 cm (75 inches) BRAVIA 2 4K Ultra HD Smart LED Google TV, K-75S25M2, Black",JioMart Electronics,2025-11-06,121676.0
Sony 164 cm (65) BRAVIA 8 II 4K Ultra HD AI Technology Smart OLED Google TV K-65XR80M2 (Black),ShopatSC,2025-11-06,297008.0
Sony K-43S22GM2 43 Inch 4K Ultra HD Smart LED Google TV (Black) | Google Assistant | Dolby Audio,Mahajan Electronics,2025-11-06,36492.0
Sony Bravia 108 cm 4K Ultra HD Smart LED Google TV,Gadgets Now,2025-11-06,38183.0
Memory Foam Pillow Orthopedic Contour Support,Amazon.in,2025-11-06,499.0
Wakefit Soft and Adjustable Hypoallergenic Pillow,Myntra,2025-11-06,542.0
Wakefit Soft & Fluffy White and Grey Pillows Set of 2 Height pillow pillow pillow,Wakefit,2025-11-06,878.0
"SleepyCat Microfiber Cloud Pillow with Adjustable Zipper 1-Piece (Standard Size, 27x18 inches) White",Amazon.in,2025-11-06,892.0
SKOeLDBLAD pillow IKEA,IKEA.in,2025-11-06,209.0
Recron Bliss Pillow,Myntra,2025-11-06,430.0
"VISBY INDIA Memory Foam Pillow,Cool Gel Pillow for Neck & Shoulder Pain-Cervical Pillow for Sleeping-Orthopedic Pillow for Back, Side & Stomach",Amazon.in,2025-11-06,389.0
Kuber Industries Luxurious 5 Piece Microfiber Pillow Filler,Flipkart,2025-11-06,400.0
Flo Mattress Adjustable Pillow,Flo Mattress,2025-11-06,1499.0
Memory Foam Bed Pillow,Amazon.in,2025-11-06,599.0
Wakefit Essential Pillow Set of 4,Wakefit,2025-11-06,1528.0
"Homerz Premium Set of 2 Sleeping Pillow, 17 x 27 Size, Firm and Lofty (Pack of 2, Grey Gusset)",Amazon.in,2025-11-06,699.0
Smart Ergo Relief Pillow,The Sleep Company,2025-11-06,2499.0
Zenn Classic Ultralight Foam Pillow,Sleepwell,2025-11-06,764.0
"Wakewell Foam Pillow, Set/Pack of 1 Pillows, 61 X 41 Cm, White (1 Pillow)",Amazon.in,2025-11-06,205.0
Wakefit King Size Hollow Fibre Sleeping Pillows (Set of 4),Flipkart,2025-11-06,921.0
IKEA LAPPTÅTEL Pillow,IKEA.in,2025-11-06,399.0
HAUSWAY Microfiber Pillow Set of 2,Amazon.in,2025-11-06,489.0
SPACES Quilted Pillow Set of 2,Zepto,2025-11-06,789.0
Wakefit Gray Hypoallergenic Memory Foam pillow Orthopedic neck pain pillow,Wakefit,2025-11-06,1048.0
"SleepyCat Orthopaedic Memory Foam Pillow for Better Shoulder and Neck Support, Set of 2 (Standard Size, 25x16 inches, White, Bamboo Fabric)",Amazon.in,2025-11-06,2404.0
The White Willow Orthopedic Memory Foam Pillow,Flipkart,2025-11-06,1244.0
BIANCA Anti Stress Biosoya Microfiber Pillow with 100% Natural Cotton Fabric Shell 18 X 27,Myntra,2025-11-06,1249.0
"PUM PUM Soft & Supportive Microfiber Bed Pillows for Sleeping - King Size, Hypoallergenic, Washable - Pack of 1 (16x24 Inch)",Amazon.in,2025-11-06,179.0
Loom & Needles Microfiber Pillow,Loom & Needles,2025-11-06,1408.0
Snuggle High Quality Fibre Pillow,duroflexworld.com,2025-11-06,374.0
GIGLICK Exclusive White Soft Fluffy Hollow Fibre Pillow 20 inch X 12 inch (Set of 1) Ideal Bed Pillow for Better Sleep | Hypoallergenic Chemical Free,Amazon.in,2025-11-06,275.0
Large Size Sleeping Pillow | Height Adjustable | Soft & Fluffy Comfort | Light Grey | 36 x 20 Inch | Set of 1 |Free Extra Fiber for Custom Comfort,Wakefit,2025-11-06,652.0
RECRON CERTIFIED Microfibre Sleeping Pillow Pack of 2 Solid Utopia (White),Flipkart,2025-11-06,459.0
MY ARMOR Height Adjustable Microfiber Pillows (Set of 2),Amazon.in,2025-11-06,500.0
Home Centre Slumber Memory Foam Pillow Set of 2,Myntra,2025-11-06,1799.0
ImpressFit Ortho Adaptive Memory Foam Pillow,Sleepwell,2025-11-06,1889.0
Dreamie Queen Size Pillows Set of 4/Standard Size Cotton Soft Microfiber Pillows/No Cover Needed/Machine Washable/Sleeping Pillows for Bed/Cotton,Amazon.in,2025-11-06,1299.0
fovera Buy Memory Foam Contoured Cervical Pillow for Neck Pain Relief & Comfortable Sleep,fovera.com,2025-11-06,649.0
My Armor Cool Gel Memory Foam Cervical Pillow,Flipkart,2025-11-06,676.0
"Soft & Fluffy Plain Comfortable Microfiber Pillow Set of 2, White, 16x24 inch, Standard Pillows for Bed, 100% Breathable Cotton Sleeping Pillows,",amazon.in,2025-11-06,1139.0
My Trident Classic Cloud Comfort Pillow,Myntra,2025-11-06,829.0
ikea SKOGSFRAeKEN pillow,IKEA.in,2025-11-06,799.0
MY ARMOR Height Adjustable Microfiber Pillows (Set of 4),Amazon.in,2025-11-06,929.0
Livpure Smart Cloud Microfiber Pillow,Livpure,2025-11-06,449.0
Apple iPhone 17,Apple,2025-11-07,102900.0
Apple iPhone 17 Pro Max,Apple,2025-11-07,229900.0
Apple iPhone 17 Pro,Vijay Sales,2025-11-07,154900.0
iPhone 17 Pro 24K Full Gold Edition | Craft by Merlin 256 GB,Craftbymerlin,2025-11-07,292008.02
iPhone 17 Pro,Imagine Apple Premium Reseller,2025-11-07,134900.0
iPhone 17 Pro - Cosmic Orange,MRV electronics,2025-11-07,133499.0
Apple iPhone 17 | 256GB | Mist Blue,Darling Retail,2025-11-07,82900.0
Iphone 17,Placewell Retail,2025-11-07,82900.0
iPhone 17 - Mist Blue,MRV electronics,2025-11-07,82999.0
iPhone 17,GoGizmo Mobiles,2025-11-07,82900.0
iPhone 17 - Lavender,MRV electronics,2025-11-07,82999.0
Apple iPhone 17 | 256GB | Black,Darling Retail,2025-11-07,82900.0
Apple iPhone 16,Apple,2025-11-07,69900.0
iPhone 17 Pro Max 24K Gold Alligator Brown | Craft by Merlin 512 GB,Craftbymerlin,2025-11-07,300722.16
iPhone 17 - White,MRV electronics,2025-11-07,82999.0
"Apple iPhone 17 Pro Max 2TB, Silver (IP17PROM2TBSILMFYY4)",Sathya Retail,2025-11-07,229900.0
New iphone 17 256GB - Moment Online Shopping,Moment Online Shopping,2025-11-07,82900.0
I-PHONE:17 Pro Max 256GB,Cell Point,2025-11-07,149900.0
iPhone 17 - Black,MRV electronics,2025-11-07,82999.0
IPHONE -17 PRO MAX - 256GB - DEEP BLUE - James and Co,James & Co,2025-11-07,149900.0
iPhone 17 Pro Max Ostrich Ivory Leather | Craft by Merlin Physical SIM + eSIM / 512 GB,Craftbymerlin,2025-11-07,304439.54
iPhone 17 Pro Max,GoGizmo Mobiles,2025-11-07,229900.0
iPhone 17 Air - Deep Blue,MRV electronics,2025-11-07,92499.0
Apple iPhone 17 Pro Silicone MagSafe Case,Apple,2025-11-07,4900.0
Apple iPhone 17 5G A3520 512GB Sage (Nano Sim + eSIM) at Etoren,Etoren.com,2025-11-07,138312.88
Buy Apple iPhone 17 pro at Discount Price from TecQ Mobile Shop near me | TecQ Online,tecQ,2025-11-07,134900.0
iPhone 17 Pro Max - Silver,MRV electronics,2025-11-07,149900.0
iPhone 17 Pro Crystal Silver Edition | Craft by Merlin 1 TB,Craftbymerlin,2025-11-07,321843.67
IPHONE -17 PRO MAX - 256GB - COSMIC ORANGE - James and Co,James & Co,2025-11-07,149900.0
iPhone 17 Pro - Deep Blue,MRV electronics,2025-11-07,133499.0
"Apple iPhone 17 Pro Max (Cosmic Orange, 2 TB)",93mobiles,2025-11-07,199999.0
iPhone 17 Pro 24K Gold Crystal Nude | Craft by Merlin 512 GB,Craftbymerlin,2025-11-07,300722.16
IPHONE -17 PRO - 256GB - SILVER - James and Co,James & Co,2025-11-07,134900.0
Apple iPhone 17 Pro Max Silicone MagSafe Case,Apple,2025-11-07,4900.0
iPhone 17 Pro Max Crystal Blue Edition | Craft by Merlin eSIM-Only / 1 TB,Craftbymerlin,2025-11-07,331788.89
Apple iPhone 17 Air,Unbox Your Mobile,2025-11-07,115000.0
MoonLight iPhone 17 Pro Max,Shaapa India,2025-11-07,999.0
iPhone 17 Pro Max Crystal Orange Edition | Craft by Merlin Physical SIM + eSIM / 1 TB,Craftbymerlin,2025-11-07,350448.25
Apple iPhone 17 Pro Max MagSafe Case,Apple,2025-11-07,5900.0
spigen iPhone 17 Series Ultra Hybrid acs,Amazon.in,2025-11-07,1599.0
Puma Speedcat OG Sneakers,PUMA India,2025-11-07,9999.0
Men's PUMA Fast-R NITRO Elite 3 Saysky Running Shoes,PUMA India,2025-11-07,23999.0
PUMA Women's Rebound Future EVO Trainers,Amazon.in,2025-11-07,1819.0
Puma Women's Speedcat Sneakers,PUMA India,2025-11-07,9999.0
Puma Speedcat Plus Sneakers,PUMA India,2025-11-07,10999.0
Men Puma Speedcat Full Leather White Sneakers At Nykaa,PUMA India,2025-11-07,8999.0
Puma Women's Speedcat Ballet Suede Sneakers,PUMA India,2025-11-07,6999.0
Puma Speedcat Plus Quilted Sneakers,PUMA India,2025-11-07,10999.0
Women's Puma Fast-r Nitro Elite 3 Saysky Running Shoes,PUMA India,2025-11-07,23999.0
PUMA Palermo Sneakers,PUMA India,2025-11-07,6999.0
Puma Women's Speedcat Paris Sneakers,PUMA India,2025-11-07,12999.0
Men Puma SOFTRIDE Frequence Running Shoes,PUMA India,2025-11-07,7999.0
Puma Women's Speedcat Lea Sneakers,PUMA India,2025-11-07,9999.0
Puma Suede XL Sneakers,PUMA India,2025-11-07,4679.0
Puma Speedcat Faded Sneakers,PUMA India,2025-11-07,9999.0
Puma Speedcat Sneakers,PUMA India,2025-11-07,9999.0
Women's PUMA Speedcat Ballet,PUMA India,2025-11-07,6999.0
Men's Puma MagMax NITRO Maximum Cushioning Running Shoes,PUMA India,2025-11-07,16999.0
women's Puma speedcat elevated sneakers,PUMA India,2025-11-07,9999.0
PUMA Meza Running Shoes,PUMA India,2025-11-07,6999.0
Puma Rebound Future Evo Mens Gray/Blue 374899-03 US,amazon.in,2025-11-07,2099.0
PUMA Palermo Lth Sneakers,PUMA India,2025-11-07,6999.0
Puma Palermo Sneakers,PUMA India,2025-11-07,6999.0
Puma Palermo Premium Sneakers,PUMA India,2025-11-07,7999.0
PUMA Women's MagMax NITRO Running Shoes,PUMA India,2025-11-07,17999.0
PUMA Women's Speedcat Seoul Sneakers,PUMA India,2025-11-07,12999.0
Puma Unisex The Dagger Basketball Shoes,PUMA India,2025-11-07,8999.0
Men's PUMA Black chrome Deviate NITRO 3 Running Shoes,PUMA India,2025-11-07,15999.0
Men Puma Smashic Unisex Sneakers At Nykaa,PUMA India,2025-11-07,2559.0
Men Puma x ASTON MARTIN ARAMCO F1 TEAM Inverse Sneakers,PUMA India,2025-11-07,11999.0
PUMA Speedcat Premium Sneakers,PUMA India,2025-11-07,10999.0
Puma Court Shatter Low Sneakers,PUMA India,2025-11-07,3299.0
Puma Unisex Easy Rider Vintage Sneakers,Amazon.in,2025-11-07,6799.0
Puma Men's Exotine 4.0 Running Shoes,PUMA India,2025-11-07,4499.0
Puma F1 Speedcat Vegas Motorsport Sneakers,PUMA India,2025-11-07,10999.0
Puma BMW Motorsport Caven 2.0 Sneakers,PUMA India,2025-11-07,6999.0
Puma Zarsun Sneakers For Men,Flipkart,2025-11-07,2207.0
Puma Men's MagMax NITRO Running Shoes,PUMA India,2025-11-07,17999.0
Puma Talon San San Gear Leather Shoes,PUMA India,2025-11-07,14499.0
Puma Women's Palermo Moda La Catrina Sneakers,PUMA India,2025-11-07,7999.0
Apple iPhone 17,Apple,2025-11-07,82900.0
Apple iPhone 17 Pro Max,Vijay Sales,2025-11-07,229900.0
Apple iPhone 17 Pro,Amazon.in,2025-11-07,134900.0
iPhone 17 Pro 24K Full Gold Edition | Craft by Merlin 256 GB,Craftbymerlin,2025-11-07,292008.02
iPhone 17 Pro,Imagine Apple Premium Reseller,2025-11-07,134900.0
iPhone 17 Pro - Cosmic Orange,MRV electronics,2025-11-07,133499.0
Apple iPhone 17 | 256GB | Mist Blue,Darling Retail,2025-11-07,82900.0
Iphone 17,Placewell Retail,2025-11-07,82900.0
Apple iPhone 16,Apple,2025-11-07,69900.0
iPhone 17 - Lavender,MRV electronics,2025-11-07,82999.0
iPhone 17,GoGizmo Mobiles,2025-11-07,82900.0
"APPLE IPHONE 17 (black, 256GB STORAGE)",National Mobile,2025-11-07,79999.0
iPhone 17 - Mist Blue,MRV electronics,2025-11-07,82999.0
iPhone 17 Pro Max 24K Gold Alligator Brown | Craft by Merlin 512 GB,Craftbymerlin,2025-11-07,300722.16
"Apple iPhone 17 Pro Max 2TB, Silver (IP17PROM2TBSILMFYY4)",Sathya Retail,2025-11-07,229900.0
Apple iPhone 17 Pro Max Silicone Case with MagSafe,Apple,2025-11-07,4900.0
iPhone 17 - White,MRV electronics,2025-11-07,82999.0
New iphone 17 256GB - Moment Online Shopping,Moment Online Shopping,2025-11-07,82900.0
"APPLE IPHONE 17 (Mist Blue, 512GB STORAGE)",National Mobile,2025-11-07,99999.0
I-PHONE:17 Pro Max 256GB,Cell Point,2025-11-07,149900.0
iPhone 17 Air - Deep Blue,MRV electronics,2025-11-07,92499.0
iPhone 17 Pro Max Ostrich Ivory Leather | Craft by Merlin Physical SIM + eSIM / 1 TB,Craftbymerlin,2025-11-07,325585.2
Apple iPhone Air,Apple,2025-11-07,139900.0
IPHONE -17 PRO MAX - 256GB - DEEP BLUE - James and Co,James & Co,2025-11-07,149900.0
iPhone 17 - Black,MRV electronics,2025-11-07,82999.0
"Apple iPhone 17 Pro Max (512GB, WHITE)",National Mobile,2025-11-07,182999.0
iPhone 17 Pro Max,GoGizmo Mobiles,2025-11-07,149900.0
Apple iPhone 17 Pro Silicone Case with MagSafe,Apple,2025-11-07,4900.0
iPhone 17 Pro Max - Silver,MRV electronics,2025-11-07,149900.0
iPhone 17 Pro Crystal Silver Edition | Craft by Merlin 1 TB,Craftbymerlin,2025-11-07,321843.67
Apple iPhone 17 5G A3520 512GB Sage (Nano Sim + eSIM) at Etoren,Etoren.com,2025-11-07,138312.88
IPHONE -17 PRO - 256GB - COSMIC ORANGE - James and Co,James & Co,2025-11-07,134900.0
iPhone 17 Pro - Deep Blue,MRV electronics,2025-11-07,133499.0
Apple iPhone 17 Pro Max TechWoven Case with MagSafe,Apple,2025-11-07,5900.0
iPhone 17 Pro 24K Gold Crystal Nude | Craft by Merlin 512 GB,Craftbymerlin,2025-11-07,300722.16
Apple iPhone 15,Amazon.in,2025-11-07,53990.0
IPHONE -17 PRO - 256GB - SILVER - James and Co,James & Co,2025-11-07,134900.0
Apple iPhone 17 Pro TechWoven Case with MagSafe,Apple,2025-11-07,5900.0
iPhone 17 Pro Max Crystal Blue Edition | Craft by Merlin eSIM-Only / 2 TB,Craftbymerlin,2025-11-07,360393.46
Apple iPhone 16 Pro Max,Sangeetha Mobiles,2025-11-07,126900.0
